symbol,date,open,high,low,close,volume
GCUSD,2026-07-20,4005.6,4046.0,3986.5,4012.1,99702
GCUSD,2026-07-17,3980.1,4028.9,3963.0,4018.8,110491
GCUSD,2026-07-16,4068.9,4071.9,3973.4,3992.1,122182
GCUSD,2026-07-15,4059.8,4089.1,4023.3,4051.8,113034
GCUSD,2026-07-14,4005.9,4112.5,3990.4,4069.7,151122
GCUSD,2026-07-13,4106.6,4111.6,3992.9,4005.7,154814
GCUSD,2026-07-12,4106.6001,4111.6001,4076.80005,4080.3999,4964
GCUSD,2026-07-10,4135.4,4144.6,4081.7,4113.7,98745
GCUSD,2026-07-09,4087.6,4148.4,4063.4,4140.8,125061
GCUSD,2026-07-08,4106.5,4144.7,4032.5,4082.4,170826
GCUSD,2026-07-07,4176.4,4192.4,4102.7,4157.4,110330
GCUSD,2026-07-06,4175.3999,4199.7002,4134.2002,4155.1001,142410
GCUSD,2026-07-05,4187.5,4214.1001,4133.7998,4209.0,59985
GCUSD,2026-07-03,4187.5,4215.5,4140.6,4167.5,147556
GCUSD,2026-07-02,4049.2,4157.1,4042.8,4125.7,125511
GCUSD,2026-07-01,4025.0,4131.0,3973.0,4082.4,146949
GCUSD,2026-06-30,4032.5,4078.1,3955.4,4038.5,125413
GCUSD,2026-06-29,4101.1,4102.9,4012.0,4038.9,107421
GCUSD,2026-06-28,4101.1,4102.9,4062.6,4083.2,17825
GCUSD,2026-06-26,4044.4,4111.5,3998.1,4096.3,118966
GCUSD,2026-06-25,4019.0,4060.0,3976.3,4047.6,147347
GCUSD,2026-06-24,4130.0,4132.4,3975.7,4008.8,189386
GCUSD,2026-06-23,4210.8,4216.0,4108.2,4149.4,118495
GCUSD,2026-06-22,4138.7998,4216.3999,4134.7998,4181.8999,18776
GCUSD,2026-06-21,4163.9,4238.1,4138.7,4194.0,99306
GCUSD,2026-06-19,4163.9,4238.1,4151.4,4202.7,177657
GCUSD,2026-06-18,4275.1,4350.2,4220.3,4245.9,139534
GCUSD,2026-06-17,4352.6,4403.6,4237.4,4381.4,160543
GCUSD,2026-06-16,4331.3,4376.5,4326.7,4354.4,89925
GCUSD,2026-06-15,4289.4,4391.5,4283.4,4351.6,132136
GCUSD,2026-06-14,4289.4,4356.8,4283.4,4345.9,31951
GCUSD,2026-06-12,4234.9,4267.8,4191.1,4238.8,136146
GCUSD,2026-06-11,4094.4,4241.3,4046.2,4114.0,206270
GCUSD,2026-06-10,4276.1,4281.1,4090.1,4133.3,206026
GCUSD,2026-06-09,4354.7,4388.6,4259.9,4286.4,138100
GCUSD,2026-06-08,4354.0,4377.5,4293.0,4363.4,144089
GCUSD,2026-06-07,4354.0,4377.5,4323.6,4336.2,27414
GCUSD,2026-06-05,4503.0,4508.7,4336.6,4365.3,179306
GCUSD,2026-06-04,4462.6,4543.2,4450.1,4505.0,109643
GCUSD,2026-06-03,4520.0,4525.1,4454.0,4466.9,106691
GCUSD,2026-06-02,4515.8,4571.3,4492.3,4519.9,100306
GCUSD,2026-06-01,4575.2,4577.3,4476.0,4506.3,116787
GCUSD,2026-05-31,4575.2,4577.3,4540.4,4542.8,15196
GCUSD,2026-05-29,4527.6,4627.1,4519.5,4593.0,133439
GCUSD,2026-05-28,4488.0,4547.1,4395.6,4532.4,153472
GCUSD,2026-05-27,4507.4,4528.1,4398.5,4448.4,81062
GCUSD,2026-05-26,4572.7998,4572.7998,4500.3999,4500.3999,5202
GCUSD,2026-05-25,4532.0,4583.3,4480.0,4502.3,254516
GCUSD,2026-05-24,4532.0,4582.6,4531.3,4559.2,19612
GCUSD,2026-05-22,4544.2,4547.0,4488.0,4523.2,108508
GCUSD,2026-05-21,4548.0,4572.4,4488.3,4542.5,153243
GCUSD,2026-05-20,4486.6,4558.4,4455.0,4535.3,152270
GCUSD,2026-05-19,4570.6,4593.2,4467.1,4511.2,140957
GCUSD,2026-05-18,4547.6,4588.6,4483.5,4558.0,151971
GCUSD,2026-05-17,4547.6,4559.0,4483.5,4545.0,32360
GCUSD,2026-05-15,4654.5,4670.1,4513.8,4561.9,169760
GCUSD,2026-05-14,4696.8,4725.8,4649.3,4685.3,102965
GCUSD,2026-05-13,4722.3,4734.8,4676.0,4706.7,120048
GCUSD,2026-05-12,4745.3,4783.4,4645.2,4686.7,146315
GCUSD,2026-05-11,4690.0,4758.4,4655.1,4728.7,147404
GCUSD,2026-05-10,4690.0,4714.1,4678.4,4689.4,24265
GCUSD,2026-05-08,4682.5,4760.4,4671.0,4730.7,122010
GCUSD,2026-05-07,4702.2,4775.2,4693.3,4710.9,159525
GCUSD,2026-05-06,4569.3,4734.6,4556.1,4694.3,160439
GCUSD,2026-05-05,4534.0,4597.5,4522.7,4568.5,88281
GCUSD,2026-05-04,4644.0,4650.6,4510.1,4533.3,117006
GCUSD,2026-05-03,4644.0,4650.6,4602.0,4620.9,12850
GCUSD,2026-05-01,4636.9,4673.0,4570.0,4644.5,93230
GCUSD,2026-04-30,4557.0,4658.8,4550.8,4629.6,119642
GCUSD,2026-04-29,4611.4,4624.3,4522.2,4561.5,126415
GCUSD,2026-04-28,4697.5,4716.5,4567.6,4608.4,144757
GCUSD,2026-04-27,4713.1,4745.8,4681.2,4693.7,85748
GCUSD,2026-04-26,4713.1,4744.6,4686.6,4740.2,18699
GCUSD,2026-04-24,4715.6,4757.1,4672.2,4740.9,103218
GCUSD,2026-04-23,4759.2,4771.3,4680.1,4724.0,153536
GCUSD,2026-04-22,4738.7,4790.8,4733.1,4753.0,100063
GCUSD,2026-04-21,4842.4,4854.8,4685.8,4719.6,177092
GCUSD,2026-04-20,4811.8,4847.9,4752.0,4828.8,123214
GCUSD,2026-04-19,4811.8,4834.5,4752.0,4812.5,35534
GCUSD,2026-04-17,4811.8,4917.7,4785.9,4879.6,135440
GCUSD,2026-04-16,4813.6,4861.3,4792.1,4808.3,108864
GCUSD,2026-04-15,4862.7,4895.4,4807.9,4823.6,106707
GCUSD,2026-04-14,4769.3,4870.3,4767.6,4850.1,129586
GCUSD,2026-04-13,4710.0,4774.4,4626.0,4767.4,127322
GCUSD,2026-04-12,4710.0,4749.5,4626.0,4741.5,30724
GCUSD,2026-04-10,4790.5,4820.0,4752.7,4787.4,121566
GCUSD,2026-04-09,4744.8,4826.0,4718.6,4818.0,133629
GCUSD,2026-04-08,4747.2,4888.0,4720.6,4777.2,215119
GCUSD,2026-04-07,4678.6,4745.7,4631.9,4684.7,145711
GCUSD,2026-04-06,4675.0,4733.1,4626.2,4684.7,89405
GCUSD,2026-04-05,4675.0,4699.3,4626.2,4659.3,24459
GCUSD,2026-04-02,4783.0,4825.9,4580.4,4679.7,190440
GCUSD,2026-04-01,4698.4,4821.0,4690.0,4813.1,166758
GCUSD,2026-03-31,4538.9,4717.6,4510.0,4678.6,176389
GCUSD,2026-03-30,4520.0,4611.4,4444.7,4557.5,157752
GCUSD,2026-03-29,4520.0,4547.6,4444.7,4535.5,38201
GCUSD,2026-03-27,4371.8,4552.1,4369.1,4492.5,74348
GCUSD,2026-03-26,4508.9,4541.6,4348.2,4376.3,247440
GCUSD,2026-03-25,4473.5,4601.0,4458.2,4552.3,245178
GCUSD,2026-03-24,4414.8,4485.6,4306.3,4402.0,209745
GCUSD,2026-03-23,4450.0,4537.1,4100.0,4407.3,398666
GCUSD,2026-03-22,4450.0,4537.1,4322.0,4353.6,77812
GCUSD,2026-03-20,4653.9,4738.2,4478.4,4574.9,226870
GCUSD,2026-03-19,4828.0,4868.7,4505.0,4605.7,303828
GCUSD,2026-03-18,5010.6,5022.0,4809.3,4896.2,217316
GCUSD,2026-03-17,5012.2,5049.4,4977.0,5008.2,170909
GCUSD,2026-03-16,5010.0,5044.5,4970.1,5002.2,170909
GCUSD,2026-03-15,5010.0,5035.4,4970.1,5022.4,28677
GCUSD,2026-03-13,5084.0,5132.4,5014.1,5061.7,160333
GCUSD,2026-03-12,5185.4,5197.8,5058.2,5125.8,153533
GCUSD,2026-03-11,5194.0,5230.9,5155.9,5179.1,140336
GCUSD,2026-03-10,5152.4,5248.7,5127.1,5242.1,181749
GCUSD,2026-03-09,5186.7,5210.4,5021.2,5103.7,181749
GCUSD,2026-03-08,5186.7,5210.4,5021.2,5097.3,47647
GCUSD,2026-03-06,5099.7,5185.0,5071.0,5158.7,160268
GCUSD,2026-03-05,5155.7,5204.3,5058.9,5078.7,151852
GCUSD,2026-03-04,5110.0,5218.3,5092.8,5134.7,273216
GCUSD,2026-03-03,5335.7,5394.2,5005.0,5123.7,273216
GCUSD,2026-03-02,5360.0,5434.1,5272.9,5311.6,227839
GCUSD,2026-03-01,5360.0,5409.7,5315.3,5366.5,54194
GCUSD,2026-02-27,5201.9,5299.0,5182.9,5247.9,151664
GCUSD,2026-02-26,5175.3,5221.9,5144.8,5194.2,131633
GCUSD,2026-02-25,5160.0,5237.3,5135.9,5226.2,145961
GCUSD,2026-02-24,5247.5,5269.4,5109.5,5176.3,145961
GCUSD,2026-02-23,5128.8,5257.3,5120.4,5225.6,140957
GCUSD,2026-02-22,5128.8,5198.8,5120.4,5182.0,28681
GCUSD,2026-02-20,5015.0,5131.0,4999.3,5080.9,136737
GCUSD,2026-02-19,4993.7,5042.8,4971.5,4997.4,87026
GCUSD,2026-02-18,4898.5,5031.9,4868.5,5009.5,166706
GCUSD,2026-02-17,5020.0,5020.0,4847.7998,4882.8999,11277
GCUSD,2026-02-16,5050.0,5074.4,4854.2,4905.9,166706
GCUSD,2026-02-15,5050.0,5074.4,4986.0,4997.7,13376
GCUSD,2026-02-13,4950.0,5069.1,4907.1,5046.3,123016
GCUSD,2026-02-12,5107.3,5122.8,4900.0,4948.4,161618
GCUSD,2026-02-11,5048.0,5144.5,5036.3,5098.5,129968
GCUSD,2026-02-10,5084.3,5102.7,5011.0,5031.0,105658
GCUSD,2026-02-09,5003.6,5111.1,4988.6,5079.4,124150
GCUSD,2026-02-08,5003.6,5069.0,4988.6,5035.0,29131
GCUSD,2026-02-06,4800.0,4995.6,4670.0,4979.8,177809
GCUSD,2026-02-05,4986.6,5045.0,4779.6,4889.5,234592
GCUSD,2026-02-04,4966.1,5113.9,4867.7,4950.8,245957
GCUSD,2026-02-03,4691.0,5018.1,4690.2,4935.0,260114
GCUSD,2026-02-02,4816.0,4905.6,4423.2,4652.6,385977
GCUSD,2026-02-01,4816.0,4905.6,4604.3,4699.3,104787
GCUSD,2026-01-30,5410.0,5480.2,4700.4,4745.1,508003
GCUSD,2026-01-29,5449.9,5626.8,5126.0,5354.8,570055
GCUSD,2026-01-28,5179.0,5415.2,5154.8,5303.6,125150
GCUSD,2026-01-27,5005.5,5190.8,5004.5,5082.6,325759
GCUSD,2026-01-26,5013.4,5107.9,4983.6,5082.5,433111
GCUSD,2026-01-25,5013.4,5091.5,5002.0,5061.7,77162
GCUSD,2026-01-23,4940.0,4991.4,4901.2,4979.7,276594
GCUSD,2026-01-22,4836.2,4944.3,4772.7,4913.4,265088
GCUSD,2026-01-21,4767.5,4891.1,4757.1,4837.5,400518
GCUSD,2026-01-20,4662.2002,4764.0,4661.7998,4759.6001,71638
GCUSD,2026-01-19,4633.7,4771.5,4622.2,4765.8,414495
GCUSD,2026-01-18,4633.7,4698.0,4622.2,4670.6,64605
GCUSD,2026-01-16,4621.6,4625.5,4539.1,4595.4,246155
GCUSD,2026-01-15,4635.7,4637.2,4584.0,4623.7,226481
GCUSD,2026-01-14,4594.3,4650.5,4594.3,4635.7,306299
GCUSD,2026-01-13,4610.0,4644.0,4576.7,4599.1,267451
GCUSD,2026-01-12,4529.1,4640.5,4520.8,4614.7,307991
GCUSD,2026-01-11,4529.1,4612.7,4520.8,4580.8,69381
GCUSD,2026-01-09,4489.3,4527.0,4461.8,4500.9,217946
GCUSD,2026-01-08,4467.1,4489.3,4415.0,4460.7,208958
GCUSD,2026-01-07,4505.4,4512.4,4432.9,4462.5,202783
GCUSD,2026-01-06,4459.8,4508.3,4437.9,4496.1,176584
GCUSD,2026-01-05,4368.3,4467.6,4354.6,4451.5,211711
GCUSD,2026-01-04,4368.3,4430.7,4354.6,4416.2,49775
GCUSD,2026-01-02,4340.0,4414.8,4319.7,4329.6,154807
GCUSD,2026-01-01,4340.0,4390.5,4337.3,4386.8,21736
GCUSD,2025-12-31,4353.0,4384.9,4284.3,4341.1,161782
GCUSD,2025-12-30,4350.3,4420.5,4338.8,4386.3,189751
GCUSD,2025-12-29,4568.0,4581.3,4316.0,4343.6,316961
GCUSD,2025-12-28,4568.0,4581.3,4490.3,4538.2,58880
GCUSD,2025-12-26,4523.5,4584.0,4518.0,4552.7,181246
GCUSD,2025-12-25,4523.5,4561.6,4518.0,4539.3,39423
GCUSD,2025-12-24,4516.7,4555.1,4474.3,4502.8,151576
GCUSD,2025-12-23,4481.8,4530.8,4457.7,4505.7,248418
GCUSD,2025-12-22,4369.9,4484.5,4367.9,4469.4,203043
GCUSD,2025-12-21,4369.9,4432.5,4367.9,4431.0,42831
GCUSD,2025-12-19,4363.6,4389.0,4336.3,4387.3,165214
GCUSD,2025-12-18,4371.5,4409.5,4338.0,4364.5,234460
GCUSD,2025-12-17,4333.5,4383.6,4330.7,4373.9,212413
GCUSD,2025-12-16,4334.3,4367.9,4297.4,4332.3,212277
GCUSD,2025-12-15,4330.0,4384.3,4315.9,4335.2,207700
GCUSD,2025-12-14,4330.0,4362.8,4324.4,4359.2,25956
GCUSD,2025-12-12,4309.1,4387.8,4286.0,4328.3,292175
GCUSD,2025-12-11,4258.3,4317.3,4231.2,4313.0,228282
GCUSD,2025-12-10,4237.5,4268.8,4207.8,4224.7,186178
GCUSD,2025-12-09,4219.6,4251.7,4197.8,4236.2,177366
GCUSD,2025-12-08,4228.1,4247.9,4204.0,4217.7,149813
GCUSD,2025-12-07,4228.1,4241.8,4224.5,4237.0,22487
GCUSD,2025-12-05,4239.5,4290.5,4221.4,4243.0,193599
GCUSD,2025-12-04,4234.5,4251.1,4203.3,4243.0,161251
GCUSD,2025-12-03,4241.6,4273.3,4225.1,4232.5,176443
GCUSD,2025-12-02,4265.3,4269.2,4194.0,4220.8,215921
GCUSD,2025-12-01,4258.5,4299.6,4241.1,4274.8,227572
GCUSD,2025-11-30,4258.5,4291.8,4241.1,4279.0,52734
GCUSD,2025-11-28,4163.3999,4223.8999,4140.0,4218.2998,150009
GCUSD,2025-11-27,4198.6,4263.1,4174.6,4254.9,154806
GCUSD,2025-11-26,4167.0,4209.0,4163.6,4202.3,187965
GCUSD,2025-11-25,4133.5,4156.3,4106.7,4140.0,132704
GCUSD,2025-11-24,4069.2,4138.2,4036.4,4094.2,223055
GCUSD,2025-11-23,4069.2,4074.4,4037.2,4041.0,31444
GCUSD,2025-11-21,4074.9,4101.0,4018.1,4079.5,257813
GCUSD,2025-11-20,4079.9,4109.6,4034.0,4060.0,272355
GCUSD,2025-11-19,4067.8,4134.3,4055.6,4082.8,233696
GCUSD,2025-11-18,4045.6,4083.7,3997.4,4066.5,233302
GCUSD,2025-11-17,4084.4,4107.6,4006.8,4074.5,235352
GCUSD,2025-11-16,4084.4,4107.6,4063.6,4081.1,41342
GCUSD,2025-11-14,4174.9,4215.1,4032.6,4094.2,342176
GCUSD,2025-11-13,4202.4,4250.0,4148.5,4194.5,319216
GCUSD,2025-11-12,4132.2,4218.5,4104.4,4213.6,296796
GCUSD,2025-11-11,4124.0,4155.0,4102.8,4116.3,252249
GCUSD,2025-11-10,4007.2,4124.0,4004.2,4122.0,253812
GCUSD,2025-11-09,4007.2,4065.9,4004.2,4062.5,51476
GCUSD,2025-11-07,3986.9,4035.8,3981.6,4009.8,208649
GCUSD,2025-11-06,3992.4,4028.7,3973.2,3991.0,188688
GCUSD,2025-11-05,3939.5,4000.7,3935.7,3992.9,175161
GCUSD,2025-11-04,4013.7,4018.0,3937.1,3960.5,250259
GCUSD,2025-11-03,4001.0,4043.1,3971.3,4014.0,227073
GCUSD,2025-10-31,4038.2,4059.9,3982.3,3996.5,237172
GCUSD,2025-10-30,3942.8,4041.5,3925.1,4015.9,246321
GCUSD,2025-10-29,3967.2,4046.2,3930.0,4000.7,288266
GCUSD,2025-10-28,3999.9,4034.2,3901.3,3983.1,338428
GCUSD,2025-10-27,4103.2,4123.8,3985.9,4019.7,330749
GCUSD,2025-10-24,4144.0,4159.0,4055.7,4137.8,297599
GCUSD,2025-10-23,4114.8,4171.5,4079.6,4145.6,271973
GCUSD,2025-10-22,4137.0,4175.0,4021.2,4065.4,468711
GCUSD,2025-10-21,4371.0,4393.6,4093.0,4109.1,535325
GCUSD,2025-10-20,4269.0,4398.0,4229.7,4359.4,338235
GCUSD,2025-10-17,4348.1,4392.0,4196.0,4213.3,569847
GCUSD,2025-10-16,4225.1,4346.7,4214.5,4304.6,375196
GCUSD,2025-10-15,4160.1,4235.8,4157.3,4201.6,309914
GCUSD,2025-10-14,4130.9,4190.9,4105.0,4163.4,405991
GCUSD,2025-10-13,4018.3,4137.2,4011.3,4133.0,357542
GCUSD,2025-10-10,3990.1,4038.6,3961.2,4000.4,357542
GCUSD,2025-10-09,4061.8,4077.9,3957.9,3972.6,461023
GCUSD,2025-10-08,4007.1,4081.0,4005.6,4070.5,348778
GCUSD,2025-10-07,3983.0,4014.6,3963.4,4004.4,297512
GCUSD,2025-10-06,3913.5,3994.5,3909.2,3976.3,278143
GCUSD,2025-10-03,3880.4,3916.8,3861.1,3908.9,218284
GCUSD,2025-10-02,3892.7,3923.3,3842.8,3868.1,284217
GCUSD,2025-10-01,3887.7,3922.7,3880.3,3897.5,290470
GCUSD,2025-09-30,3863.1,3899.2,3820.6,3873.2,312257
GCUSD,2025-09-29,3788.8,3863.7,3785.5,3855.2,258145
GCUSD,2025-09-26,3781.5,3814.4,3764.0,3809.0,214083
GCUSD,2025-09-25,3768.3,3792.3,3751.9,3771.1,262183
GCUSD,2025-09-24,3796.9,3812.6,3749.7,3768.1,236560
GCUSD,2025-09-23,3781.2,3824.6,3772.4,3815.7,291564
GCUSD,2025-09-22,3721.3,3783.3,3718.1,3775.1,219170
GCUSD,2025-09-19,3677.7,3719.6,3664.4,3705.8,186954
GCUSD,2025-09-18,3692.5,3707.3,3660.5,3678.3,224128
GCUSD,2025-09-17,3727.3,3744.0,3679.5,3717.8,256047
GCUSD,2025-09-16,3720.3,3739.9,3711.8,3725.1,192295
GCUSD,2025-09-15,3680.2,3724.9,3662.8,3719.0,189452
GCUSD,2025-09-12,3672.8,3695.5,3667.3,3686.4,154559
GCUSD,2025-09-11,3680.6,3687.5,3651.0,3673.6,214612
GCUSD,2025-09-10,3662.0,3697.5,3651.4,3682.0,182028
GCUSD,2025-09-09,3676.6,3715.2,3663.7,3682.2,262656
GCUSD,2025-09-08,3635.0,3685.7,3621.7,3677.4,227640
GCUSD,2025-09-05,3602.0,3655.5,3595.4,3653.3,237651
GCUSD,2025-09-04,3619.8,3621.6,3573.7,3606.7,232579
GCUSD,2025-09-03,3600.0,3640.1,3592.4,3635.5,220786
GCUSD,2025-09-02,3485.69995,3559.19995,3485.69995,3549.3999,33847
GCUSD,2025-09-01,3517.9,3602.4,3506.0,3592.2,374141
GCUSD,2025-08-29,3477.2,3518.5,3463.0,3516.1,188546
GCUSD,2025-08-28,3452.6,3478.7,3442.5,3474.3,156602
GCUSD,2025-08-27,3443.0,3452.5,3422.2,3448.6,153806
GCUSD,2025-08-26,3410.8,3443.3,3396.1,3433.0,176297
GCUSD,2025-08-25,3417.6,3421.5,3405.5,3417.5,97780
GCUSD,2025-08-22,3383.3,3423.4,3362.8,3418.5,186037
GCUSD,2025-08-21,3392.2,3394.4,3367.4,3381.6,123500
GCUSD,2025-08-20,3359.0,3394.3,3353.4,3388.5,135521
GCUSD,2025-08-19,3378.3,3389.7,3358.1,3358.7,133497
GCUSD,2025-08-18,3382.4,3403.6,3368.0,3378.0,119141
GCUSD,2025-08-15,3383.2,3394.8,3377.7,3382.6,118486
GCUSD,2025-08-14,3407.2,3423.8,3375.5,3383.2,165697
GCUSD,2025-08-13,3399.6,3422.6,3392.7,3408.3,135846
GCUSD,2025-08-12,3393.6,3410.8,3379.1,3399.0,193820
GCUSD,2025-08-11,3458.1,3466.3,3393.0,3404.7,224513
GCUSD,2025-08-08,3487.9,3534.1,3445.0,3491.3,321346
GCUSD,2025-08-07,3431.8,3483.8,3430.0,3453.7,249091
GCUSD,2025-08-06,3434.9,3440.5,3411.7,3433.4,151580
GCUSD,2025-08-05,3428.9,3444.9,3403.3,3434.7,154163
GCUSD,2025-08-04,3416.6,3439.5,3397.9,3426.4,138229
GCUSD,2025-08-01,3342.7,3416.9,3331.4,3399.8,229954
GCUSD,2025-07-31,3327.5,3366.7,3324.4,3348.6,158029
GCUSD,2025-07-30,3383.1,3389.3,3319.2,3352.8,203086
GCUSD,2025-07-29,3313.4,3332.3,3305.8,3324.0,113144
GCUSD,2025-07-28,3321.1,3345.4,3300.0,3310.0,180215
GCUSD,2025-07-25,3372.1,3376.6,3325.5,3335.6,196380
GCUSD,2025-07-24,3398.6,3401.1,3355.2,3373.5,215271
GCUSD,2025-07-23,3444.3,3451.7,3390.6,3397.6,263025
GCUSD,2025-07-22,3410.7,3447.5,3394.9,3443.7,227372
GCUSD,2025-07-21,3355.6,3416.9,3351.0,3406.4,191195
GCUSD,2025-07-18,3347.5,3368.0,3337.2,3358.3,115413
GCUSD,2025-07-17,3354.7,3358.2,3314.3,3345.3,161740
GCUSD,2025-07-16,3330.5,3385.8,3326.1,3359.1,235160
GCUSD,2025-07-15,3352.0,3375.4,3327.3,3336.7,179884
GCUSD,2025-07-14,3376.5,3389.3,3348.5,3359.1,195336
GCUSD,2025-07-11,3333.1,3381.6,3332.3,3364.0,216883
GCUSD,2025-07-10,3322.2,3339.4,3319.2,3325.7,168190
GCUSD,2025-07-09,3310.6,3325.6,3290.2,3321.0,167968
GCUSD,2025-07-08,3348.9,3355.6,3295.4,3316.9,218029
GCUSD,2025-07-07,3305.5,3333.30005,3299.19995,3332.19995,20051
GCUSD,2025-07-04,3344.5,3352.9,3304.4,3342.8,235762
GCUSD,2025-07-03,3369.0,3376.9,3321.4,3342.9,153232
GCUSD,2025-07-02,3350.0,3371.0,3337.2,3359.7,132187
GCUSD,2025-07-01,3315.7,3370.5,3313.7,3349.8,168854
GCUSD,2025-06-30,3284.3,3321.6,3250.5,3307.7,144201
GCUSD,2025-06-27,3341.3,3341.4,3266.5,3287.6,218869
GCUSD,2025-06-26,3347.5,3363.9,3322.5,3348.0,155584
GCUSD,2025-06-25,3338.1,3351.3,3325.5,3343.1,130010
GCUSD,2025-06-24,3383.8,3385.0,3308.3,3333.9,227429
GCUSD,2025-06-23,3400.7,3413.8,3361.4,3395.0,193872
GCUSD,2025-06-20,3350.0,3372.8999,3341.0,3368.1001,277314
GCUSD,2025-06-19,3387.1,3405.2,3356.2,3385.7,280833
GCUSD,2025-06-18,3409.0,3419.0,3380.1,3408.1,178282
GCUSD,2025-06-17,3404.2,3422.7,3384.4,3406.9,209083
GCUSD,2025-06-16,3473.0,3476.3,3400.9,3417.3,192505
GCUSD,2025-06-13,3406.7,3468.0,3399.6,3452.8,270627
GCUSD,2025-06-12,3377.5,3419.8,3358.5,3402.4,230166
GCUSD,2025-06-11,3344.3,3382.3,3335.4,3343.7,201534
GCUSD,2025-06-10,3346.3,3370.4,3321.3,3343.4,158897
GCUSD,2025-06-09,3333.4,3359.0,3313.1,3354.9,142005
GCUSD,2025-06-06,3377.4,3398.3,3328.8,3346.6,185366
GCUSD,2025-06-05,3398.0,3427.7,3362.3,3375.1,224859
GCUSD,2025-06-04,3377.8,3409.7,3366.9,3399.2,167220
GCUSD,2025-06-03,3406.5,3417.8,3357.2,3377.1,168220
GCUSD,2025-06-02,3323.0,3408.1,3319.4,3397.2,180995
GCUSD,2025-05-30,3343.2,3347.0,3294.8,3315.4,184770
GCUSD,2025-05-29,3311.8,3356.3,3269.1,3343.9,227943
GCUSD,2025-05-28,3300.9,3324.5,3273.5,3294.9,127758
GCUSD,2025-05-27,3332.5,3341.0,3296.30005,3299.1001,16163
GCUSD,2025-05-26,3355.6,3356.0,3283.0,3300.4,297309
GCUSD,2025-05-23,3295.1,3366.5,3285.5,3365.8,247200
GCUSD,2025-05-22,3318.0,3346.8,3277.8,3295.0,234658
GCUSD,2025-05-21,3293.0,3327.2,3287.0,3313.5,229503
GCUSD,2025-05-20,3233.0,3298.5,3207.4,3284.6,224088
GCUSD,2025-05-19,3220.0,3252.9,3209.1,3233.5,245486
GCUSD,2025-05-16,3243.5,3255.8,3156.4,3187.2,245486
GCUSD,2025-05-15,3180.8,3244.3,3123.3,3226.6,253064
GCUSD,2025-05-14,3254.1,3261.3,3170.7,3188.3,233929
GCUSD,2025-05-13,3240.7,3270.4,3220.1,3247.8,214423
GCUSD,2025-05-12,3281.0,3295.5,3211.2,3228.0,308534
GCUSD,2025-05-09,3310.2,3352.7,3278.9,3344.0,232464
GCUSD,2025-05-08,3373.1,3422.0,3293.3,3306.0,327126
GCUSD,2025-05-07,3448.1,3448.2,3367.0,3391.9,304244
GCUSD,2025-05-06,3345.7,3444.5,3332.1,3422.8,268098
GCUSD,2025-05-05,3247.1,3346.7,3243.1,3322.3,210994
GCUSD,2025-05-02,3247.6,3277.0,3229.5,3243.3,210994
GCUSD,2025-05-01,3299.0,3300.6,3209.4,3222.2,214691
GCUSD,2025-04-30,3324.5,3337.6,3275.6,3319.1,207722
GCUSD,2025-04-29,3354.9,3359.3,3309.2,3333.6,217995
GCUSD,2025-04-28,3336.5,3363.8,3278.0,3347.7,241249
GCUSD,2025-04-25,3362.0,3384.1,3274.8,3298.4,241249
GCUSD,2025-04-24,3301.8,3377.0,3301.3,3348.6,377411
GCUSD,2025-04-23,3367.7,3396.0,3270.8,3294.1,423078
GCUSD,2025-04-22,3435.1,3509.9,3379.1,3419.4,423078
GCUSD,2025-04-21,3347.0,3442.3,3344.0,3425.3,243457
GCUSD,2025-04-17,3357.5,3371.9,3296.4,3328.4,258376
GCUSD,2025-04-16,3248.4,3358.4,3245.2,3346.4,258376
GCUSD,2025-04-15,3226.1,3250.9,3225.5,3240.4,189619
GCUSD,2025-04-14,3246.0,3261.6,3208.7,3226.3,247317
GCUSD,2025-04-11,3194.2,3263.0,3193.4,3244.6,247317
GCUSD,2025-04-10,3099.1,3195.0,3086.1,3177.5,298325
GCUSD,2025-04-09,2998.3,3118.5,2983.3,3079.4,298325
GCUSD,2025-04-08,2997.5,3037.9,2988.6,2990.2,328515
GCUSD,2025-04-07,3055.1,3084.4,2970.4,2973.6,341150
GCUSD,2025-04-04,3138.0,3160.2,3032.7,3035.4,341150
GCUSD,2025-04-03,3196.6,3196.6,3073.5,3121.7,382860
GCUSD,2025-04-02,3147.5,3201.6,3135.7,3166.2,223124
GCUSD,2025-04-01,3157.3,3177.0,3130.5,3146.0,197314
GCUSD,2025-03-31,3118.8,3162.0,3112.4,3150.3,228393
GCUSD,2025-03-28,3099.3,3124.4,3096.3,3114.3,210491
GCUSD,2025-03-27,3025.6,3071.3,3022.3,3061.0,124359
GCUSD,2025-03-26,3025.8,3036.1,3017.8,3022.5,172002
GCUSD,2025-03-25,3017.5,3042.4,3010.8,3025.9,172592
GCUSD,2025-03-24,3027.6,3038.4,3007.7,3015.6,202822
GCUSD,2025-03-21,3052.6,3055.0,3004.1,3021.4,190470
GCUSD,2025-03-20,3058.0,3065.2,3032.8,3043.8,141231
GCUSD,2025-03-19,3041.4,3061.6,3031.3,3041.2,145404
GCUSD,2025-03-18,3009.4,3047.5,3008.2,3040.8,177098
GCUSD,2025-03-17,2994.8,3010.9,2991.4,3006.1,142155
GCUSD,2025-03-14,3001.4,3017.1,2988.6,3001.1,181492
GCUSD,2025-03-13,2943.3,3001.5,2942.2,2991.3,256564
GCUSD,2025-03-12,2922.3,2948.9,2911.0,2946.8,209823
GCUSD,2025-03-11,2893.2,2929.0,2882.5,2920.9,194119
GCUSD,2025-03-10,2919.6,2926.4,2885.2,2899.4,221609
GCUSD,2025-03-07,2919.2,2938.8,2905.3,2914.1,237577
GCUSD,2025-03-06,2929.5,2935.9,2897.6,2926.6,166364
GCUSD,2025-03-05,2929.0,2941.3,2903.4,2926.0,183016
GCUSD,2025-03-04,2904.2,2939.8,2892.5,2920.6,188515
GCUSD,2025-03-03,2872.0,2906.4,2866.3,2901.1,177018
GCUSD,2025-02-28,2889.0,2896.1,2844.1,2848.5,210560
GCUSD,2025-02-27,2931.4,2935.8,2879.0,2895.9,207650
GCUSD,2025-02-26,2929.0,2942.0,2903.3,2930.6,163371
GCUSD,2025-02-25,2968.5,2970.4,2897.0,2918.8,234850
GCUSD,2025-02-24,2950.4,2974.0,2936.8,2963.2,162775
GCUSD,2025-02-21,2955.7,2964.7,2930.1,2953.2,163686
GCUSD,2025-02-20,2949.5,2973.4,2939.3,2956.1,172197
GCUSD,2025-02-19,2954.1,2964.4,2933.7,2936.1,159341
GCUSD,2025-02-18,2879.19995,2936.3999,2873.80005,2931.6001,84402
GCUSD,2025-02-17,2895.1,2956.5,2887.6,2949.0,218757
GCUSD,2025-02-14,2957.3,2964.1,2889.9,2900.7,228078
GCUSD,2025-02-13,2928.8,2958.8,2925.8,2945.4,169496
GCUSD,2025-02-12,2927.0,2936.5,2886.5,2928.7,204625
GCUSD,2025-02-11,2937.0,2968.5,2907.0,2932.6,218478
GCUSD,2025-02-10,2884.8,2938.1,2879.9,2934.4,167232
GCUSD,2025-02-07,2880.2,2910.6,2876.1,2887.6,192551
GCUSD,2025-02-06,2885.0,2894.2,2855.0,2876.7,167701
GCUSD,2025-02-05,2873.7,2906.0,2870.1,2893.0,167383
GCUSD,2025-02-04,2850.4,2877.1,2837.4,2875.8,145862
GCUSD,2025-02-03,2846.5,2872.0,2802.2,2857.1,181344
GCUSD,2025-01-31,2851.9,2862.9,2826.0,2835.0,165676
GCUSD,2025-01-30,2796.2,2853.2,2794.9,2845.2,188341
GCUSD,2025-01-29,2771.6,2778.1,2761.0,2769.8,125692
GCUSD,2025-01-28,2742.4,2774.0,2737.4,2767.5,171359
GCUSD,2025-01-27,2778.1,2778.1,2732.0,2738.4,215514
GCUSD,2025-01-24,2761.8,2794.8,2761.0,2778.9,199562
GCUSD,2025-01-23,2765.9,2767.1,2741.0,2765.0,194742
GCUSD,2025-01-22,2758.7,2774.4,2756.2,2770.9,158141
GCUSD,2025-01-21,2746.0,2755.0,2724.80005,2755.0,280375
GCUSD,2025-01-20,2739.6,2762.0,2715.6,2759.2,294121
GCUSD,2025-01-17,2746.8,2759.2,2729.2,2748.7,156868
GCUSD,2025-01-16,2722.3,2757.9,2720.4,2750.9,186543
GCUSD,2025-01-15,2693.3,2722.7,2685.4,2717.8,193720
GCUSD,2025-01-14,2682.0,2693.7,2672.0,2682.3,179414
GCUSD,2025-01-13,2716.8,2723.8,2675.2,2678.6,211094
GCUSD,2025-01-10,2692.9,2735.0,2686.9,2715.0,298408
GCUSD,2025-01-09,2679.9,2696.8,2673.7,2690.8,156645
GCUSD,2025-01-08,2662.9,2687.0,2658.4,2672.4,197370
GCUSD,2025-01-07,2647.1,2678.5,2643.5,2665.4,161617
GCUSD,2025-01-06,2652.8,2663.8,2624.6,2647.4,169923
GCUSD,2025-01-03,2671.1,2681.0,2649.7,2654.7,121173
GCUSD,2025-01-02,2641.0,2674.2,2636.1,2669.0,144517
GCUSD,2025-01-01,2641.0,2641.3999,2639.5,2640.1001,81781
GCUSD,2024-12-31,2620.0,2642.0,2614.3,2641.0,86292
GCUSD,2024-12-30,2636.1,2640.7,2608.4,2618.1,110915
GCUSD,2024-12-27,2653.7,2654.6,2625.2,2631.9,93897
GCUSD,2024-12-26,2638.0,2655.7,2634.1,2653.9,79265
GCUSD,2024-12-25,2638.0,2638.0,2634.3999,2634.5,52221
GCUSD,2024-12-24,2629.4,2635.8,2624.2,2635.5,53366
GCUSD,2024-12-23,2639.1,2646.8,2623.2,2628.2,105131
GCUSD,2024-12-20,2609.7,2653.8,2603.7,2645.1,153567
GCUSD,2024-12-19,2600.6,2640.9,2596.7,2608.1,191587
GCUSD,2024-12-18,2663.3,2667.6,2598.1,2653.3,156334
GCUSD,2024-12-17,2670.2,2675.8,2646.1,2662.0,147053
GCUSD,2024-12-16,2668.0,2683.4,2661.4,2670.0,115996
GCUSD,2024-12-13,2704.9,2716.4,2663.3,2675.8,178685
GCUSD,2024-12-12,2753.6,2761.3,2696.7,2709.4,219468
GCUSD,2024-12-11,2721.2,2759.7,2719.1,2756.7,264985
GCUSD,2024-12-10,2684.4,2721.7,2680.7,2718.4,181509
GCUSD,2024-12-09,2665.0,2700.0,2649.7,2685.8,182150
GCUSD,2024-12-06,2655.0,2667.9,2635.6,2659.6,167166
GCUSD,2024-12-05,2674.2,2680.0,2646.3,2648.4,156116
GCUSD,2024-12-04,2665.8,2682.0,2654.2,2676.2,171792
GCUSD,2024-12-03,2662.0,2678.4,2656.6,2667.9,140965
GCUSD,2024-12-02,2673.8,2678.5,2644.5,2658.5,163543
GCUSD,2024-11-29,2636.3999,2664.30005,2620.69995,2657.0,173201
GCUSD,2024-11-28,2660.6,2690.5,2644.1,2681.0,180756
GCUSD,2024-11-27,2658.3,2683.4,2652.2,2664.8,177858
GCUSD,2024-11-26,2626.2,2642.7,2605.3,2621.3,177858
GCUSD,2024-11-25,2716.9,2723.2,2616.6,2618.5,305339
GCUSD,2024-11-22,2672.0,2718.5,2670.1,2712.2,220554
GCUSD,2024-11-21,2653.5,2676.5,2651.6,2674.9,186297
GCUSD,2024-11-20,2635.8,2659.0,2621.9,2651.7,182012
GCUSD,2024-11-19,2616.3,2643.4,2614.2,2631.0,202241
GCUSD,2024-11-18,2571.5,2619.5,2568.5,2614.6,195294
GCUSD,2024-11-15,2570.4,2580.8,2558.9,2570.1,179892
GCUSD,2024-11-14,2578.1,2585.8,2541.5,2572.9,266162
GCUSD,2024-11-13,2604.7,2625.0,2578.1,2586.5,262752
GCUSD,2024-11-12,2625.7,2633.4,2595.7,2606.3,282766
GCUSD,2024-11-11,2692.1,2693.4,2617.1,2617.7,281919
GCUSD,2024-11-08,2713.6,2717.8,2687.3,2694.8,233110
GCUSD,2024-11-07,2667.7,2718.3,2650.3,2705.8,292924
GCUSD,2024-11-06,2752.6,2758.8,2660.7,2676.3,361313
GCUSD,2024-11-05,2746.0,2759.5,2733.4,2749.7,151434
GCUSD,2024-11-04,2743.5,2757.5,2739.4,2746.2,145248
GCUSD,2024-11-01,2754.0,2772.4,2742.6,2749.2,180660
GCUSD,2024-10-31,2799.1,2801.2,2741.8,2749.3,242571
GCUSD,2024-10-30,2786.9,2801.8,2782.4,2800.8,191549
GCUSD,2024-10-29,2754.3,2787.7,2752.0,2781.1,207424
GCUSD,2024-10-28,2749.2,2758.3,2736.9,2755.9,161907
GCUSD,2024-10-25,2748.6,2760.9,2729.1,2754.6,153487
GCUSD,2024-10-24,2729.2,2756.3,2728.7,2748.9,175872
GCUSD,2024-10-23,2762.6,2772.6,2722.1,2729.4,214515
GCUSD,2024-10-22,2734.7,2763.3,2733.5,2759.8,173695
GCUSD,2024-10-21,2736.3,2755.4,2728.5,2738.9,210450
GCUSD,2024-10-18,2707.8,2737.8,2707.3,2730.0,178959
GCUSD,2024-10-17,2690.4,2712.7,2688.2,2707.5,181816
GCUSD,2024-10-16,2679.5,2702.5,2674.9,2691.3,156877
GCUSD,2024-10-15,2663.5,2685.9,2654.4,2678.9,160564
GCUSD,2024-10-14,2673.1,2684.2,2660.0,2665.6,123361
GCUSD,2024-10-11,2647.4,2679.0,2645.3,2676.3,168597
GCUSD,2024-10-10,2625.8,2648.9,2618.8,2639.3,195581
GCUSD,2024-10-09,2640.7,2642.9,2622.8,2626.0,143000
GCUSD,2024-10-08,2662.8,2672.4,2623.4,2635.4,233849
GCUSD,2024-10-07,2671.7,2679.2,2657.3,2666.0,130705
GCUSD,2024-10-04,2675.7,2690.6,2651.6,2667.8,192656
GCUSD,2024-10-03,2679.9,2683.4,2657.8,2679.2,138551
GCUSD,2024-10-02,2684.6,2684.8,2662.1,2669.7,128680
GCUSD,2024-10-01,2656.1,2694.7,2653.8,2690.3,202756
GCUSD,2024-09-30,2680.5,2687.7,2646.2,2659.4,173252
GCUSD,2024-09-27,2695.1,2696.9,2665.3,2668.1,196732
GCUSD,2024-09-26,2681.2,2708.7,2677.5,2694.9,217643
GCUSD,2024-09-25,2682.8,2694.9,2673.4,2684.7,189943
GCUSD,2024-09-24,2653.3,2689.4,2647.1,2677.0,216553
GCUSD,2024-09-23,2646.2,2659.8,2638.6,2652.5,170494
GCUSD,2024-09-20,2611.2,2651.0,2608.7,2646.2,207209
GCUSD,2024-09-19,2585.1,2620.5,2575.3,2614.6,204475
GCUSD,2024-09-18,2596.0,2627.2,2572.5,2598.6,233128
GCUSD,2024-09-17,2609.8,2613.7,2587.3,2592.4,159525
GCUSD,2024-09-16,2608.0,2617.4,2602.5,2608.9,127576
GCUSD,2024-09-13,2587.5,2614.6,2585.0,2610.7,174674
GCUSD,2024-09-12,2540.6,2588.5,2538.7,2580.6,233679
GCUSD,2024-09-11,2545.7,2558.0,2529.0,2542.4,194085
GCUSD,2024-09-10,2536.0,2547.5,2528.9,2543.1,156108
GCUSD,2024-09-09,2526.5,2536.5,2514.2,2532.7,140583
GCUSD,2024-09-06,2547.1,2559.8,2513.9,2524.6,228117
GCUSD,2024-09-05,2526.4,2554.0,2523.7,2543.1,152709
GCUSD,2024-09-04,2524.6,2531.5,2502.7,2526.0,167957
GCUSD,2024-09-03,2501.6001,2501.80005,2476.30005,2489.8999,263162
GCUSD,2024-09-02,2536.0,2539.5,2504.4,2523.0,273539
GCUSD,2024-08-30,2553.6,2560.1,2526.6,2527.6,175644
GCUSD,2024-08-29,2539.2,2562.2,2536.5,2560.3,159965
GCUSD,2024-08-28,2559.8,2564.3,2527.8,2537.8,165123
GCUSD,2024-08-27,2553.8,2561.4,2538.5,2552.9,146222
GCUSD,2024-08-26,2545.1,2563.2,2544.0,2555.2,127485
GCUSD,2024-08-23,2521.1,2554.5,2519.8,2546.3,164613
GCUSD,2024-08-22,2549.9,2551.4,2506.4,2516.7,177369
GCUSD,2024-08-21,2552.2,2558.0,2528.2,2547.5,148894
GCUSD,2024-08-20,2542.4,2570.4,2535.1,2550.6,191196
GCUSD,2024-08-19,2549.7,2549.9,2523.7,2541.3,155994
GCUSD,2024-08-16,2494.4,2548.3,2488.2,2537.8,223934
GCUSD,2024-08-15,2486.2,2508.0,2469.2,2492.4,169322
GCUSD,2024-08-14,2506.3,2519.7,2476.2,2479.7,187384
GCUSD,2024-08-13,2512.6,2517.3,2498.2,2507.8,155078
GCUSD,2024-08-12,2470.1,2513.4,2462.7,2504.0,171204
GCUSD,2024-08-09,2467.3,2476.5,2456.1,2473.4,152173
GCUSD,2024-08-08,2422.8,2467.9,2420.2,2463.3,178509
GCUSD,2024-08-07,2432.6,2447.3,2418.8,2432.4,166078
GCUSD,2024-08-06,2451.7,2459.5,2421.8,2431.6,186107
GCUSD,2024-08-05,2490.3,2500.8,2403.8,2444.4,352229
GCUSD,2024-08-02,2490.8,2522.5,2453.1,2469.8,309937
GCUSD,2024-08-01,2493.4,2506.6,2474.0,2480.8,219834
GCUSD,2024-07-31,2455.6,2496.6,2449.2,2473.0,176268
GCUSD,2024-07-30,2429.0,2458.3,2421.5,2451.9,172970
GCUSD,2024-07-29,2386.9,2402.1,2367.3,2377.8,126409
GCUSD,2024-07-26,2363.8,2389.7,2354.6,2381.0,154523
GCUSD,2024-07-25,2398.1,2400.8,2351.9,2353.5,294897
GCUSD,2024-07-24,2410.7,2433.0,2397.0,2415.7,245884
GCUSD,2024-07-23,2398.0,2413.5,2389.2,2407.3,171191
GCUSD,2024-07-22,2403.7,2414.4,2385.2,2394.7,197562
GCUSD,2024-07-19,2448.0,2448.4,2395.7,2399.1,254408
GCUSD,2024-07-18,2462.5,2478.5,2442.9,2456.4,192770
GCUSD,2024-07-17,2473.2,2488.4,2455.5,2459.9,259540
GCUSD,2024-07-16,2427.1,2474.5,2424.5,2467.8,246085
GCUSD,2024-07-15,2419.3,2445.0,2406.1,2428.9,193535
GCUSD,2024-07-12,2421.0,2423.2,2396.1,2420.7,220933
GCUSD,2024-07-11,2377.4,2430.4,2376.8,2421.9,303520
GCUSD,2024-07-10,2371.0,2393.4,2369.7,2379.7,163900
GCUSD,2024-07-09,2366.5,2378.3,2356.0,2367.9,252489
GCUSD,2024-07-08,2396.2,2399.3,2358.3,2363.5,240781
GCUSD,2024-07-05,2365.8,2408.2,2356.0,2399.8,93766
GCUSD,2024-07-04,2365.8,2401.5,2356.0,2397.7,293254
GCUSD,2024-07-03,2338.6,2374.5,2335.7,2369.4,193642
GCUSD,2024-07-02,2341.6,2346.1,2327.4,2333.4,153709
GCUSD,2024-07-01,2336.2,2348.8,2328.2,2338.9,136861
GCUSD,2024-06-28,2338.6,2350.6,2329.7,2339.6,135383
GCUSD,2024-06-27,2309.4,2342.0,2306.8,2336.6,140228
GCUSD,2024-06-26,2331.8,2335.8,2304.7,2313.2,191628
GCUSD,2024-06-25,2346.8,2349.7,2327.1,2330.8,144271
GCUSD,2024-06-24,2333.5,2347.5,2329.5,2344.4,117625
GCUSD,2024-06-21,2373.8,2382.6,2329.2,2331.2,194824
GCUSD,2024-06-20,2373.8,2379.5,2338.5,2374.8,161150
GCUSD,2024-06-19,2344.2,2379.5,2338.5,2369.0,252687
GCUSD,2024-06-18,2333.7,2348.2,2320.2,2346.9,154251
GCUSD,2024-06-17,2348.5,2348.7,2324.3,2329.0,122702
GCUSD,2024-06-14,2319.6,2352.3,2316.7,2349.1,163367
GCUSD,2024-06-13,2340.9,2342.4,2310.9,2318.0,182657
GCUSD,2024-06-12,2334.0,2358.8,2327.2,2354.8,241670
GCUSD,2024-06-11,2329.5,2337.3,2314.5,2326.6,145501
GCUSD,2024-06-10,2311.0,2331.3,2304.5,2327.0,142888
GCUSD,2024-06-07,2395.7,2406.7,2304.2,2325.0,314551
GCUSD,2024-06-06,2375.3,2397.8,2372.2,2390.9,172202
GCUSD,2024-06-05,2347.1,2377.6,2345.3,2375.5,171862
GCUSD,2024-06-04,2371.3,2373.1,2335.1,2347.4,171547
GCUSD,2024-06-03,2348.0,2375.5,2334.8,2369.3,173149
GCUSD,2024-05-31,2364.5,2381.2,2341.1,2345.8,183406
GCUSD,2024-05-30,2361.0,2373.7,2343.3,2366.5,188892
GCUSD,2024-05-29,2362.5,2363.7,2334.2,2341.2,119317
GCUSD,2024-05-28,2336.8999,2359.69995,2336.8999,2355.19995,26
GCUSD,2024-05-27,2338.0,2365.5,2333.8,2356.5,316223
GCUSD,2024-05-24,2330.4,2349.0,2326.3,2334.5,178343
GCUSD,2024-05-23,2383.0,2385.7,2328.1,2337.2,273658
GCUSD,2024-05-22,2425.4,2430.5,2378.0,2392.9,253852
GCUSD,2024-05-21,2431.5,2438.2,2408.5,2425.9,229421
GCUSD,2024-05-20,2422.2,2454.2,2411.1,2438.5,281430
GCUSD,2024-05-17,2381.4,2427.4,2377.8,2417.4,218553
GCUSD,2024-05-16,2391.5,2402.7,2375.2,2385.5,191026
GCUSD,2024-05-15,2362.9,2396.1,2357.1,2394.9,249843
GCUSD,2024-05-14,2342.3,2365.2,2340.5,2359.9,184158
GCUSD,2024-05-13,2369.1,2370.8,2337.6,2343.0,221846
GCUSD,2024-05-10,2353.5,2385.3,2352.0,2375.0,275241
GCUSD,2024-05-09,2316.5,2354.2,2312.9,2340.3,249092
GCUSD,2024-05-08,2322.0,2329.6,2311.4,2322.3,214693
GCUSD,2024-05-07,2334.8,2338.7,2318.2,2324.2,204623
GCUSD,2024-05-06,2312.8,2341.9,2300.6,2331.2,191895
GCUSD,2024-05-03,2313.5,2330.7,2285.2,2308.6,231400
GCUSD,2024-05-02,2329.9,2336.1,2294.3,2309.6,193658
GCUSD,2024-05-01,2298.2,2339.5,2291.7,2311.0,227384
GCUSD,2024-04-30,2347.0,2347.6,2296.2,2302.9,229064
GCUSD,2024-04-29,2347.6,2358.9,2331.0,2357.7,187309
GCUSD,2024-04-26,2344.2,2364.4,2338.0,2347.2,171011
GCUSD,2024-04-25,2327.4,2357.6,2316.4,2342.5,224471
GCUSD,2024-04-24,2335.7,2350.9,2324.8,2338.4,187699
GCUSD,2024-04-23,2342.3,2347.9,2304.6,2342.1,270225
GCUSD,2024-04-22,2403.7,2404.3,2338.2,2346.4,262673
GCUSD,2024-04-19,2394.0,2433.3,2386.8,2413.8,275405
GCUSD,2024-04-18,2377.9,2408.0,2377.2,2398.0,200546
GCUSD,2024-04-17,2398.0,2412.0,2370.7,2388.4,284352
GCUSD,2024-04-16,2399.1,2414.8,2379.2,2407.8,297592
GCUSD,2024-04-15,2369.4,2404.3,2340.2,2383.0,343730
GCUSD,2024-04-12,2389.4,2448.8,2350.6,2374.1,479894
GCUSD,2024-04-11,2351.7,2395.6,2343.1,2372.7,260415
GCUSD,2024-04-10,2372.4,2378.1,2337.1,2348.4,353847
GCUSD,2024-04-09,2358.1,2384.5,2355.7,2362.4,279608
GCUSD,2024-04-08,2343.6,2372.5,2321.7,2351.0,285570
GCUSD,2024-04-05,2309.5,2350.0,2286.2,2345.4,293212
GCUSD,2024-04-04,2321.0,2325.3,2298.7,2308.5,236227
GCUSD,2024-04-03,2301.7,2321.8,2285.7,2315.0,254574
GCUSD,2024-04-02,2272.7,2301.9,2267.1,2281.8,277228
GCUSD,2024-04-01,2259.2,2286.4,2249.1,2257.1,220767
GCUSD,2024-03-28,2215.7,2256.9,2207.5,2238.4,250248
GCUSD,2024-03-27,2200.5,2218.3,2193.7,2212.7,191456
GCUSD,2024-03-26,2173.0,2200.6,2168.3,2177.2,202373
GCUSD,2024-03-25,2166.6,2182.5,2164.4,2176.4,211610
GCUSD,2024-03-22,2183.4,2188.0,2158.4,2160.0,205808
GCUSD,2024-03-21,2190.2,2225.3,2168.2,2184.7,391750
GCUSD,2024-03-20,2161.4,2192.2,2152.3,2161.0,233572
GCUSD,2024-03-19,2164.0,2166.3,2150.2,2159.7,178162
GCUSD,2024-03-18,2159.9,2167.2,2149.2,2164.3,211858
GCUSD,2024-03-15,2166.2,2176.9,2158.7,2161.5,187847
GCUSD,2024-03-14,2179.5,2181.3,2157.0,2167.5,207225
GCUSD,2024-03-13,2163.6,2185.6,2161.3,2180.8,232273
GCUSD,2024-03-12,2189.1,2190.8,2156.2,2166.1,316254
GCUSD,2024-03-11,2187.6,2195.5,2180.9,2188.6,242418
GCUSD,2024-03-08,2166.6,2203.0,2161.2,2185.5,389682
GCUSD,2024-03-07,2156.7,2172.2,2151.7,2165.2,267795
GCUSD,2024-03-06,2136.4,2160.7,2131.9,2158.2,319763
GCUSD,2024-03-05,2123.3,2150.5,2118.5,2141.9,283148
GCUSD,2024-03-04,2091.6,2128.4,2088.1,2126.3,328253
GCUSD,2024-03-01,2052.8,2097.1,2047.0,2095.7,330592
GCUSD,2024-02-29,2043.8,2059.4,2036.0,2054.7,227074
GCUSD,2024-02-28,2039.7,2047.4,2033.4,2042.7,137077
GCUSD,2024-02-27,2041.2,2049.1,2038.1,2044.1,148780
GCUSD,2024-02-26,2044.2,2046.8,2034.1,2038.9,129021
GCUSD,2024-02-23,2034.1,2053.2,2025.4,2049.4,212029
GCUSD,2024-02-22,2036.5,2045.5,2029.3,2030.7,147947
GCUSD,2024-02-21,2036.2,2043.5,2030.9,2034.3,120599
GCUSD,2024-02-20,2015.59998,2029.0,2015.59998,2027.5,1326
GCUSD,2024-02-19,2027.7,2042.7,2023.9,2039.8,202432
GCUSD,2024-02-16,2016.1,2027.2,2006.6,2024.1,162356
GCUSD,2024-02-15,2004.8,2020.2,2001.8,2014.9,204249
GCUSD,2024-02-14,2006.3,2008.8,1996.4,2004.3,193607
GCUSD,2024-02-13,2033.7,2047.3,2002.8,2007.2,217571
GCUSD,2024-02-12,2038.2,2041.8,2025.4,2033.0,116025
GCUSD,2024-02-09,2049.7,2051.9,2034.3,2038.7,116031
GCUSD,2024-02-08,2051.0,2053.8,2034.6,2047.9,137076
GCUSD,2024-02-07,2052.6,2061.3,2046.4,2051.7,125631
GCUSD,2024-02-06,2041.4,2055.3,2038.8,2051.4,126384
GCUSD,2024-02-05,2057.9,2059.1,2030.8,2042.9,170431
GCUSD,2024-02-02,2072.0,2074.7,2044.2,2053.7,219800
GCUSD,2024-02-01,2057.9,2083.2,2046.4,2071.1,260921
GCUSD,2024-01-31,2055.3,2074.6,2048.8,2067.4,238373
GCUSD,2024-01-30,2051.5,2068.0,2047.1,2050.9,214593
GCUSD,2024-01-29,2024.4,2037.2,2018.8,2025.4,150708
GCUSD,2024-01-26,2021.0,2028.1,2015.6,2017.3,119588
GCUSD,2024-01-25,2014.8,2025.6,2004.0,2017.8,196670
GCUSD,2024-01-24,2030.7,2037.9,2011.7,2016.0,234459
GCUSD,2024-01-23,2023.2,2039.3,2020.8,2025.8,156699
GCUSD,2024-01-22,2031.8,2034.1,2017.4,2022.2,152756
GCUSD,2024-01-19,2027.4,2041.9,2022.2,2029.3,172805
GCUSD,2024-01-18,2009.1,2025.6,2007.7,2021.6,171928
GCUSD,2024-01-17,2031.7,2036.1,2004.6,2006.5,254292
GCUSD,2024-01-16,2051.69995,2054.80005,2026.0,2026.0,46
GCUSD,2024-01-15,2053.4,2062.8,2027.6,2030.2,285254
GCUSD,2024-01-12,2033.2,2067.3,2033.1,2051.6,272352
GCUSD,2024-01-11,2029.4,2056.1,2017.3,2019.2,301337
GCUSD,2024-01-10,2036.0,2046.2,2025.9,2027.8,205007
GCUSD,2024-01-09,2034.5,2048.6,2031.9,2033.0,218745
GCUSD,2024-01-08,2052.6,2053.3,2022.7,2033.5,220988
GCUSD,2024-01-05,2051.4,2071.1,2030.8,2049.8,214684
GCUSD,2024-01-04,2049.3,2058.1,2043.3,2050.0,130263
GCUSD,2024-01-03,2067.9,2074.3,2038.3,2042.8,221680
GCUSD,2024-01-02,2072.7,2088.1,2064.3,2073.4,157555
GCUSD,2023-12-29,2076.1,2084.1,2067.6,2071.8,105724
GCUSD,2023-12-28,2089.5,2098.2,2074.6,2083.5,129544
GCUSD,2023-12-27,2079.3,2095.8,2072.8,2093.1,128179
GCUSD,2023-12-26,2066.0,2080.5,2065.1,2069.8,79573
GCUSD,2023-12-22,2061.2,2083.0,2058.2,2069.1,170150
GCUSD,2023-12-21,2044.4,2058.0,2043.3,2051.3,119952
GCUSD,2023-12-20,2053.8,2056.9,2040.6,2047.7,122567
GCUSD,2023-12-19,2041.1,2061.0,2034.8,2052.1,134781
GCUSD,2023-12-18,2033.3,2048.0,2029.5,2040.5,141406
GCUSD,2023-12-15,2051.3,2059.6,2029.2,2035.7,172147
GCUSD,2023-12-14,2043.2,2062.9,2039.1,2044.9,231095
GCUSD,2023-12-13,1995.1,2043.3,1987.9,1997.3,192679
GCUSD,2023-12-12,1997.8,2012.5,1992.3,1993.2,148532
GCUSD,2023-12-11,2020.0,2023.7,1991.2,1993.7,160072
GCUSD,2023-12-08,2045.7,2050.4,2010.6,2014.5,237289
GCUSD,2023-12-07,2043.4,2057.2,2036.6,2046.4,173977
GCUSD,2023-12-06,2037.8,2053.4,2035.3,2047.9,154219
GCUSD,2023-12-05,2049.0,2059.6,2027.6,2036.3,209549
GCUSD,2023-12-04,2094.4,2152.3,2038.4,2042.2,378224
GCUSD,2023-12-01,2056.5,2095.7,2052.6,2089.7,241615
GCUSD,2023-11-30,2065.4,2067.4,2051.2,2057.2,151918
GCUSD,2023-11-29,2062.0,2072.7,2055.9,2067.1,197789
GCUSD,2023-11-28,2014.3,2044.1,2011.5,2040.0,174665
GCUSD,2023-11-27,2002.5,2018.9,2001.4,2012.4,251250
GCUSD,2023-11-24,1991.90002,2002.19995,1991.5,2002.19995,63
GCUSD,2023-11-23,1991.2,2004.5,1990.9,2003.0,214880
GCUSD,2023-11-22,2000.3,2008.3,1988.6,1992.8,199370
GCUSD,2023-11-21,1980.0,2009.8,1979.9,2001.6,230024
GCUSD,2023-11-20,1980.9,1987.8,1967.2,1980.3,177887
GCUSD,2023-11-17,1984.2,1996.4,1981.1,1984.7,133120
GCUSD,2023-11-16,1963.0,1991.1,1959.0,1987.3,186810
GCUSD,2023-11-15,1966.9,1979.2,1958.8,1964.3,142924
GCUSD,2023-11-14,1950.3,1975.3,1938.8,1966.5,180741
GCUSD,2023-11-13,1943.4,1953.5,1935.6,1950.2,183702
GCUSD,2023-11-10,1964.1,1965.6,1936.9,1937.7,229637
GCUSD,2023-11-09,1955.5,1971.5,1948.3,1969.8,214077
GCUSD,2023-11-08,1975.3,1977.5,1953.2,1957.8,189359
GCUSD,2023-11-07,1984.8,1985.2,1962.8,1973.5,218948
GCUSD,2023-11-06,1999.4,2000.1,1984.2,1988.6,146279
GCUSD,2023-11-03,1993.5,2011.9,1989.3,1999.2,222189
GCUSD,2023-11-02,1992.0,1999.2,1986.3,1993.5,158650
GCUSD,2023-11-01,1993.3,2005.9,1978.2,1987.5,197629
GCUSD,2023-10-31,2005.6,2017.7,1987.4,1994.3,214776
GCUSD,2023-10-30,2013.5,2016.8,1999.7,2005.6,181339
GCUSD,2023-10-27,1995.0,2019.7,1986.4,1998.5,213757
GCUSD,2023-10-26,1991.2,2003.7,1981.6,1997.4,214053
GCUSD,2023-10-25,1982.7,1998.6,1973.6,1994.9,240655
GCUSD,2023-10-24,1984.1,1992.0,1964.6,1986.1,200943
GCUSD,2023-10-23,1987.7,1994.3,1971.0,1987.8,212290
GCUSD,2023-10-20,1988.0,2009.2,1983.7,1994.4,289109
GCUSD,2023-10-19,1960.1,1990.2,1957.0,1980.5,264821
GCUSD,2023-10-18,1936.7,1975.8,1935.9,1968.3,270045
GCUSD,2023-10-17,1933.3,1944.5,1924.6,1935.7,165063
GCUSD,2023-10-16,1941.3,1943.0,1921.2,1934.3,182823
GCUSD,2023-10-13,1881.7,1946.2,1881.5,1941.5,312994
GCUSD,2023-10-12,1888.1,1898.3,1880.6,1883.0,163475
GCUSD,2023-10-11,1873.7,1890.9,1871.7,1887.3,169964
GCUSD,2023-10-10,1875.4,1879.1,1866.1,1875.3,157340
GCUSD,2023-10-09,1861.0,1877.3,1857.5,1864.3,187802
GCUSD,2023-10-06,1834.3,1849.0,1823.5,1845.2,231024
GCUSD,2023-10-05,1837.6,1843.5,1826.2,1831.8,172464
GCUSD,2023-10-04,1838.7,1846.8,1831.6,1834.8,195048
GCUSD,2023-10-03,1844.9,1849.3,1830.9,1841.5,216784
GCUSD,2023-10-02,1864.4,1864.7,1842.7,1847.2,202147
GCUSD,2023-09-29,1882.3,1896.7,1862.3,1866.1,245131
GCUSD,2023-09-28,1893.3,1896.8,1874.5,1878.6,231419
GCUSD,2023-09-27,1918.8,1921.7,1890.3,1890.9,238525
GCUSD,2023-09-26,1935.1,1935.5,1917.2,1919.8,212263
GCUSD,2023-09-25,1944.7,1946.8,1933.8,1936.6,164259
GCUSD,2023-09-22,1939.6,1949.1,1939.6,1945.6,139926
GCUSD,2023-09-21,1952.0,1952.2,1933.1,1939.6,225908
GCUSD,2023-09-20,1953.0,1968.9,1948.6,1967.1,220980
GCUSD,2023-09-19,1955.3,1958.9,1950.9,1953.7,131097
GCUSD,2023-09-18,1945.7,1955.7,1943.8,1953.4,138031
GCUSD,2023-09-15,1932.5,1952.4,1931.2,1946.2,199773
GCUSD,2023-09-14,1930.7,1934.5,1921.7,1932.8,201744
GCUSD,2023-09-13,1935.2,1938.4,1927.2,1932.5,161003
GCUSD,2023-09-12,1945.6,1947.5,1929.9,1935.1,161993
GCUSD,2023-09-11,1943.3,1954.6,1939.5,1947.2,131076
GCUSD,2023-09-08,1943.8,1954.0,1940.8,1942.7,138694
GCUSD,2023-09-07,1942.2,1947.9,1940.3,1942.5,117168
GCUSD,2023-09-06,1951.5,1954.5,1940.0,1944.2,148775
GCUSD,2023-09-05,1934.40002,1934.40002,1924.69995,1926.19995,113
GCUSD,2023-09-04,1966.7,1972.6,1950.6,1952.6,192789
GCUSD,2023-09-01,1966.4,1980.2,1960.7,1967.1,160725
GCUSD,2023-08-31,1970.2,1974.9,1965.5,1965.9,133712
GCUSD,2023-08-30,1966.0,1977.1,1962.8,1973.0,142380
GCUSD,2023-08-29,1948.1,1966.5,1941.7,1965.1,174220
GCUSD,2023-08-28,1944.0,1954.2,1940.1,1946.8,115553
GCUSD,2023-08-25,1944.9,1950.4,1931.0,1939.9,166988
GCUSD,2023-08-24,1944.9,1951.3,1939.2,1947.1,137393
GCUSD,2023-08-23,1926.8,1949.7,1926.2,1948.1,170040
GCUSD,2023-08-22,1924.0,1933.2,1917.5,1926.0,131088
GCUSD,2023-08-21,1918.4,1927.9,1913.6,1923.0,138109
GCUSD,2023-08-18,1919.2,1926.0,1915.9,1916.5,114737
GCUSD,2023-08-17,1922.4,1933.5,1914.2,1915.2,152329
GCUSD,2023-08-16,1933.1,1938.2,1922.0,1928.3,128612
GCUSD,2023-08-15,1939.4,1944.3,1927.5,1935.2,167153
GCUSD,2023-08-14,1945.6,1948.2,1934.2,1944.0,120983
GCUSD,2023-08-11,1944.9,1953.6,1942.7,1946.6,122320
GCUSD,2023-08-10,1947.7,1963.5,1944.4,1948.9,168264
GCUSD,2023-08-09,1959.3,1966.1,1947.2,1950.6,139259
GCUSD,2023-08-08,1971.5,1972.8,1956.5,1959.9,142336
GCUSD,2023-08-07,1977.6,1981.7,1966.1,1970.0,104407
GCUSD,2023-08-04,1969.6,1984.2,1954.5,1976.1,156416
GCUSD,2023-08-03,1970.8,1974.5,1964.5,1968.8,141345
GCUSD,2023-08-02,1988.9,1992.2,1969.1,1975.0,169658
GCUSD,2023-08-01,2004.2,2004.4,1978.3,1978.8,167756
GCUSD,2023-07-31,1997.9,2010.9,1986.7,2009.2,139955
GCUSD,2023-07-28,1985.3,2002.0,1983.9,1999.9,159597
GCUSD,2023-07-27,1973.3,1982.6,1941.7,1945.7,194253
GCUSD,2023-07-26,1966.3,1979.9,1963.2,1970.1,208106
GCUSD,2023-07-25,1957.0,1967.1,1951.6,1963.7,188848
GCUSD,2023-07-24,1963.6,1969.8,1955.3,1962.2,197213
GCUSD,2023-07-21,1972.1,1975.9,1958.8,1966.6,156540
GCUSD,2023-07-20,1980.0,1989.8,1967.7,1970.9,189926
GCUSD,2023-07-19,1982.5,1984.6,1973.3,1980.8,159409
GCUSD,2023-07-18,1958.3,1988.3,1958.1,1980.8,264086
GCUSD,2023-07-17,1958.6,1963.6,1949.0,1956.4,165833
GCUSD,2023-07-14,1965.2,1967.8,1954.7,1964.4,209306
GCUSD,2023-07-13,1962.7,1968.5,1956.6,1963.8,241215
GCUSD,2023-07-12,1938.0,1965.1,1937.5,1961.7,270869
GCUSD,2023-07-11,1930.8,1944.5,1929.8,1937.1,189372
GCUSD,2023-07-10,1930.7,1933.7,1918.0,1931.0,208085
GCUSD,2023-07-07,1916.6,1941.1,1915.4,1932.5,214272
GCUSD,2023-07-06,1922.4,1934.0,1908.5,1915.4,231513
GCUSD,2023-07-05,1923.5,1933.90002,1914.69995,1919.59998,193
GCUSD,2023-07-04,1929.1,1942.9,1922.1,1927.1,245932
GCUSD,2023-07-03,1927.8,1939.9,1917.7,1929.5,152959
GCUSD,2023-06-30,1916.4,1930.8,1908.1,1929.4,180688
GCUSD,2023-06-29,1916.5,1921.3,1900.6,1917.9,205252
GCUSD,2023-06-28,1923.1,1926.1,1911.4,1922.2,162493
GCUSD,2023-06-27,1932.7,1940.3,1919.8,1923.8,180436
GCUSD,2023-06-26,1936.3,1943.4,1931.1,1933.8,147769
GCUSD,2023-06-23,1923.5,1949.0,1919.5,1929.6,186861
GCUSD,2023-06-22,1943.3,1945.1,1922.0,1923.7,171779
GCUSD,2023-06-21,1948.0,1950.4,1929.3,1944.9,182021
GCUSD,2023-06-20,1958.59998,1958.59998,1931.30005,1935.5,193
GCUSD,2023-06-19,1970.7,1971.8,1940.8,1947.7,250140
GCUSD,2023-06-16,1970.3,1980.4,1965.4,1971.2,160514
GCUSD,2023-06-15,1955.7,1972.8,1936.1,1970.7,266353
GCUSD,2023-06-14,1957.2,1973.9,1952.5,1968.9,199710
GCUSD,2023-06-13,1971.4,1985.9,1953.0,1958.6,198397
GCUSD,2023-06-12,1975.6,1981.4,1963.1,1969.7,122542
GCUSD,2023-06-09,1980.5,1987.8,1971.0,1977.2,130408
GCUSD,2023-06-08,1956.2,1985.7,1955.2,1978.6,191843
GCUSD,2023-06-07,1980.0,1986.5,1955.4,1958.4,189529
GCUSD,2023-06-06,1978.0,1982.9,1970.3,1981.5,135995
GCUSD,2023-06-05,1962.3,1980.4,1953.8,1974.3,179985
GCUSD,2023-06-02,1994.6,2000.5,1963.7,1969.6,209694
GCUSD,2023-06-01,1981.3,2000.7,1970.1,1995.5,176911
GCUSD,2023-05-31,1977.5,1993.1,1971.8,1982.1,207753
GCUSD,2023-05-30,1942.69995,1962.59998,1931.0,1958.0,37838
GCUSD,2023-05-29,1961.3,1981.9,1949.6,1977.1,264373
GCUSD,2023-05-26,1941.7,1957.1,1936.0,1944.3,166036
GCUSD,2023-05-25,1959.5,1965.4,1939.0,1943.7,253875
GCUSD,2023-05-24,1977.3,1987.9,1958.4,1964.6,229885
GCUSD,2023-05-23,1973.9,1980.0,1955.8,1974.5,214358
GCUSD,2023-05-22,1979.4,1984.8,1970.7,1977.2,165768
GCUSD,2023-05-19,1960.5,1987.4,1956.3,1981.6,234604
GCUSD,2023-05-18,1985.6,1988.8,1954.4,1959.8,227733
GCUSD,2023-05-17,1993.0,1997.0,1978.1,1984.9,206552
GCUSD,2023-05-16,2021.3,2022.7,1989.1,1993.0,229938
GCUSD,2023-05-15,2013.4,2027.5,2011.2,2022.7,163251
GCUSD,2023-05-12,2020.5,2027.8,2005.7,2019.8,220500
GCUSD,2023-05-11,2036.8,2047.6,2016.7,2020.5,296976
GCUSD,2023-05-10,2041.6,2056.0,2028.3,2037.1,260807
GCUSD,2023-05-09,2028.4,2045.1,2026.4,2042.9,199701
GCUSD,2023-05-08,2024.6,2037.1,2022.0,2033.2,182213
GCUSD,2023-05-05,2058.0,2061.3,2007.0,2024.8,283299
GCUSD,2023-05-04,2054.7,2085.4,2038.5,2055.7,311003
GCUSD,2023-05-03,2026.4,2050.0,2016.0,2037.0,229674
GCUSD,2023-05-02,1990.5,2028.8,1986.9,2023.3,245637
GCUSD,2023-05-01,2000.2,2015.4,1985.7,1992.2,173016
GCUSD,2023-04-28,1997.2,2004.1,1984.4,1999.1,172445
GCUSD,2023-04-27,1999.8,2013.3,1982.0,1999.0,203898
GCUSD,2023-04-26,2007.7,2020.2,1993.7,1996.0,241399
GCUSD,2023-04-25,1999.4,2014.5,1986.2,2004.5,222551
GCUSD,2023-04-24,1992.0,2001.5,1984.4,1999.8,139878
GCUSD,2023-04-21,2016.1,2016.8,1982.3,1990.5,210502
GCUSD,2023-04-20,2007.7,2024.2,2002.2,2019.1,162840
GCUSD,2023-04-19,2017.9,2020.3,1980.9,2007.3,218808
GCUSD,2023-04-18,2007.9,2024.6,2003.3,2019.7,164975
GCUSD,2023-04-17,2014.1,2028.0,1993.4,2007.0,183425
GCUSD,2023-04-14,2054.7,2061.6,2006.0,2015.8,262825
GCUSD,2023-04-13,2029.5,2063.4,2028.3,2055.3,198461
GCUSD,2023-04-12,2019.1,2043.9,2015.7,2024.9,228494
GCUSD,2023-04-11,2007.0,2022.5,2003.7,2019.0,126376
GCUSD,2023-04-10,2008.6,2021.5,1996.5,2003.8,136231
GCUSD,2023-04-06,2037.1,2037.7,2016.5,2026.4,149129
GCUSD,2023-04-05,2038.2,2049.2,2026.1,2035.6,197371
GCUSD,2023-04-04,2001.3,2043.4,1994.0,2038.2,233301
GCUSD,2023-04-03,1990.0,2008.0,1965.9,2000.4,187986
GCUSD,2023-03-31,1998.0,2005.5,1984.2,1986.2,162212
GCUSD,2023-03-30,1982.7,2002.4,1971.6,1997.7,171701
GCUSD,2023-03-29,1975.4,1976.0,1959.5,1966.9,88563
GCUSD,2023-03-28,1957.8,1977.1,1949.9,1973.5,183582
GCUSD,2023-03-27,1982.6,1984.0,1945.0,1953.8,206630
GCUSD,2023-03-24,1996.1,2006.5,1977.7,1983.8,285442
GCUSD,2023-03-23,1974.0,2006.1,1967.3,1995.9,262247
GCUSD,2023-03-22,1943.5,1982.3,1936.5,1949.6,245031
GCUSD,2023-03-21,1983.1,1988.7,1938.6,1941.1,248934
GCUSD,2023-03-20,1989.7,2014.9,1970.0,1982.8,338016
GCUSD,2023-03-17,1925.9,1993.7,1922.3,1973.5,351092
GCUSD,2023-03-16,1922.8,1938.0,1911.5,1923.0,248084
GCUSD,2023-03-15,1908.2,1942.5,1889.5,1931.3,385454
GCUSD,2023-03-14,1919.4,1919.4,1899.8,1910.9,261275
GCUSD,2023-03-13,1877.1,1919.5,1875.7,1916.5,452332
GCUSD,2023-03-10,1835.1,1874.3,1830.0,1867.2,345814
GCUSD,2023-03-09,1818.0,1839.4,1815.4,1834.6,228473
GCUSD,2023-03-08,1818.0,1828.7,1813.4,1818.6,208292
GCUSD,2023-03-07,1852.6,1856.9,1817.1,1820.0,248226
GCUSD,2023-03-06,1861.0,1864.3,1850.6,1854.6,136224
GCUSD,2023-03-03,1842.1,1864.4,1842.0,1854.6,158961
GCUSD,2023-03-02,1843.8,1845.3,1835.9,1840.5,139755
GCUSD,2023-03-01,1834.0,1852.5,1829.6,1845.4,182583
GCUSD,2023-02-28,1823.9,1838.6,1810.8,1836.7,184507
GCUSD,2023-02-27,1818.0,1827.3,1812.0,1824.9,130427
GCUSD,2023-02-24,1829.7,1835.1,1815.5,1817.1,169473
GCUSD,2023-02-23,1834.7,1841.2,1824.8,1826.8,179972
GCUSD,2023-02-22,1843.7,1855.0,1831.9,1841.5,141500
GCUSD,2023-02-21,1842.59998,1843.0,1833.0,1833.0,862
GCUSD,2023-02-20,1850.5,1856.4,1839.0,1842.5,210165
GCUSD,2023-02-17,1845.7,1853.1,1827.7,1850.2,165081
GCUSD,2023-02-16,1846.5,1854.9,1836.6,1851.8,168509
GCUSD,2023-02-15,1865.1,1870.9,1839.3,1845.3,169531
GCUSD,2023-02-14,1864.1,1881.6,1852.5,1865.4,217012
GCUSD,2023-02-13,1876.7,1877.2,1860.8,1863.5,131217
GCUSD,2023-02-10,1873.5,1883.5,1863.5,1874.5,155270
GCUSD,2023-02-09,1888.3,1902.3,1870.2,1878.5,183551
GCUSD,2023-02-08,1885.1,1898.9,1881.4,1890.7,131904
GCUSD,2023-02-07,1880.3,1897.2,1877.5,1884.8,179673
GCUSD,2023-02-06,1878.0,1894.0,1873.2,1879.5,164540
GCUSD,2023-02-03,1926.3,1932.4,1874.5,1876.6,310612
GCUSD,2023-02-02,1967.1,1975.2,1925.6,1930.8,259844
GCUSD,2023-02-01,1944.0,1970.8,1936.1,1942.8,210613
GCUSD,2023-01-31,1938.6,1946.9,1915.5,1945.3,194077
GCUSD,2023-01-30,1944.0,1950.1,1936.2,1939.2,138071
GCUSD,2023-01-27,1929.3,1935.4,1916.5,1929.4,150902
GCUSD,2023-01-26,1948.0,1949.8,1918.4,1930.0,223255
GCUSD,2023-01-25,1938.7,1949.5,1920.6,1942.6,190302
GCUSD,2023-01-24,1932.0,1943.8,1918.2,1935.4,201713
GCUSD,2023-01-23,1928.4,1936.7,1912.5,1928.6,190094
GCUSD,2023-01-20,1933.7,1939.0,1922.0,1928.2,165272
GCUSD,2023-01-19,1907.0,1936.9,1902.0,1923.9,214246
GCUSD,2023-01-18,1911.1,1929.8,1898.6,1907.0,218967
GCUSD,2023-01-17,1920.09998,1920.09998,1905.19995,1907.19995,706
GCUSD,2023-01-16,1923.8,1931.8,1906.2,1909.9,268368
GCUSD,2023-01-13,1898.8,1925.3,1895.1,1921.7,247878
GCUSD,2023-01-12,1879.7,1906.5,1872.4,1898.8,265174
GCUSD,2023-01-11,1881.3,1890.9,1870.9,1878.9,222250
GCUSD,2023-01-10,1875.7,1885.2,1872.0,1876.5,170514
GCUSD,2023-01-09,1872.8,1886.4,1869.3,1877.8,204550
GCUSD,2023-01-06,1835.9,1875.2,1835.2,1869.7,215367
GCUSD,2023-01-05,1861.2,1864.3,1829.9,1840.6,188603
GCUSD,2023-01-04,1845.2,1871.3,1842.0,1859.0,198354
GCUSD,2023-01-03,1831.8,1856.6,1831.3,1846.1,212272
